{
  "rms_error": 0.24947744098723335,
  "focal": {
    "fx": 594.8096805919799,
    "fy": 597.7258513795947
  },
  "optical_center": {
    "cx": 318.2642757852726,
    "cy": 253.39823092693675
  },
  "distortion": {
    "radial": {
      "k1": 0.08581722704512079,
      "k2": 0.10745755690143666,
      "k3": -0.944097027185322
    },
    "tangential": {
      "p1": 0.0030779242186685335,
      "p2": 0.002649088493568943
    }
  },
  "camera_matrix": [
    [
      594.8096805919799,
      0.0,
      318.2642757852726
    ],
    [
      0.0,
      597.7258513795947,
      253.39823092693675
    ],
    [
      0.0,
      0.0,
      1.0
    ]
  ],
  "dist_coeffs": [
    [
      0.08581722704512079,
      0.10745755690143666,
      0.0030779242186685335,
      0.002649088493568943,
      -0.944097027185322
    ]
  ]
}